name,buy,and_sell,or_sell,cumulative,avg_return,win_windows,total_trades,avg_drawdown,returns
加权平均,-15,20,50,135.09518961426915,22.037961114071674,4,2,19.863449039322187,"[np.float64(0.0), np.float64(56.652591086), np.float64(-42.47336072047998), np.float64(20.492933386559997), np.float64(26.778872552300026), np.float64(70.77673038005001)]"
保守折中,-15,15,45,108.42840745076883,20.165735361090015,4,3,17.8890340845856,"[np.float64(0.0), np.float64(93.90572291375004), np.float64(-42.47336072047998), np.float64(20.492933386559997), np.float64(23.28014052656002), np.float64(25.788976060150027)]"
简单平均,-15,15,55,68.3851801404268,13.95688005646501,4,3,19.863449039322187,"[np.float64(0.0), np.float64(56.652591086), np.float64(-42.47336072047998), np.float64(20.492933386559997), np.float64(23.28014052656002), np.float64(25.788976060150027)]"
宽松买入,-10,15,50,53.278120342254454,12.115599085448347,4,3,21.14156442427786,"[np.float64(0.0), np.float64(54.571877800440014), np.float64(-43.1071504554), np.float64(16.415610405120027), np.float64(19.03770751578002), np.float64(25.77554924675003)]"
中位数,-18,12,55,17.197258482823052,3.693510611645015,1,2,10.002879316604611,"[np.float64(0.0), np.float64(0.0), np.float64(-13.802368005109955), np.float64(0.0), np.float64(35.96343167498004), np.float64(0.0)]"
众数,-20,10,45,-13.977948028239961,-2.32965800470666,0,1,6.012025069224422,"[np.float64(0.0), np.float64(0.0), np.float64(-13.977948028239961), np.float64(0.0), np.float64(0.0), np.float64(0.0)]"
严格买入,-25,15,50,-14.523174032129994,-2.420529005354999,0,0,3.6666090053549993,"[np.float64(0.0), np.float64(0.0), np.float64(-14.523174032129994), np.float64(0.0), np.float64(0.0), np.float64(0.0)]"
