window,train_period,test_period,train_sharpe,train_return,test_return,test_sharpe,test_max_dd,test_win_rate,test_trades,is_profitable,buy,and,or
Window1,2012-2015,2016,0.4349569833001357,28.15443385999999,0.0,0.0,0.0,0.0,0,False,-15.0,10.0,40.0
Window2,2013-2016,2017,0.8022342540563704,71.98875462000002,10.68464963999999,1.0173126767904062,-7.232059999133622,0.6666666666666666,3,True,10.0,10.0,70.0
Window3,2014-2017,2018,1.062619942450673,58.43585703999997,0.14801720000000204,0.08800454164813469,-5.2496631199999975,1.0,1,True,-15.0,30.0,60.0
Window4,2015-2018,2019,0.6831480024314667,49.04681276,0.0,0.0,0.0,0.0,0,False,-15.0,25.0,50.0
Window5,2016-2019,2020,1.3998963797983404,170.49349511999998,0.0,0.0,0.0,0.0,0,False,-10.0,25.0,50.0
