window,train_period,test_period,train_sharpe,train_return,test_return,test_sharpe,test_max_dd,test_win_rate,test_trades,is_profitable,buy,and,or
Window1,2017-2020,2021,1.4068465100749115,227.87771032,32.6350122,2.050781044318221,-9.317800305559302,1.0,1,True,0.0,15.0,35.0
Window2,2018-2021,2022,1.4542631059589537,230.82806558,-9.43675151999999,-0.2789401362291482,-22.68506377409458,0.5,2,False,-5.0,10.0,35.0
Window3,2019-2022,2023,1.1364382813154745,158.81860916000008,20.24030816,1.6155252065063672,-12.573768822770715,1.0,1,True,0.0,10.0,35.0
Window4,2020-2023,2024,1.0645193768029875,121.24065136000002,22.804194639999984,1.6531212891412643,-9.92660233970002,1.0,1,True,-5.0,10.0,35.0
Window5,2021-2024,2025,0.8141120215938931,73.73083083999995,21.219328439999998,1.0642752502288186,-18.543837520974492,1.0,1,True,5.0,10.0,50.0
