window,train_period,test_period,train_sharpe,train_return,test_return,test_sharpe,test_max_dd,test_win_rate,test_trades,is_profitable,buy,and,or
Window1,2017-2020,2021,1.55912436940009,206.41388534000004,29.037458700000002,2.0613618204373796,-9.271383081309924,1.0,1,True,-5.0,15.0,40.0
Window2,2018-2021,2022,1.7704896351251442,277.41668404000006,-15.994615919999996,-0.6415017953657682,-22.533845020794978,0.0,1,False,-5.0,15.0,40.0
Window3,2019-2022,2023,1.2478042992230076,160.72538612000008,24.67213043999998,1.999294936635756,-9.549428622165165,1.0,2,True,0.0,10.0,40.0
Window4,2020-2023,2024,1.2865469591745184,167.63032539999998,33.834380539999984,2.2297917231937308,-9.92660233970002,1.0,2,True,0.0,10.0,40.0
Window5,2021-2024,2025,1.1016765065245206,112.58716571999996,21.219328439999998,1.0642752502288186,-18.543837520974492,1.0,1,True,0.0,10.0,40.0
