window,train_period,test_period,train_sharpe,train_return,test_return,test_sharpe,test_max_dd,test_win_rate,test_trades,is_profitable,buy,and,or
Window1,2012-2015,2016,0.7155116896516269,53.070605440000016,0.0,0.0,0.0,0.0,0,False,-15.0,10.0,35.0
Window2,2013-2016,2017,0.8938641908720311,85.41108214000002,0.0,0.0,0.0,0.0,0,False,-15.0,20.0,50.0
Window3,2014-2017,2018,0.9915041103479324,88.67380772000007,-9.5498609,-0.3924377547263482,-30.786821033684326,0.0,1,False,10.0,10.0,60.0
Window4,2015-2018,2019,0.5725866893686862,41.13715148,0.0,0.0,0.0,0.0,0,False,-15.0,30.0,60.0
Window5,2016-2019,2020,1.4160878380910624,174.16863804,46.48291032000002,1.6919696087100484,-15.864983031574745,1.0,1,True,-10.0,15.0,45.0
